"","x"
"1","Hsa.3004"
"2","Hsa.13491"
"3","Hsa.13491"
"4","Hsa.37254"
"5","Hsa.541"
"6","Hsa.20836"
"7","Hsa.1977"
"8","Hsa.44472"
"9","Hsa.3087"
"10","Hsa.1447"
"11","Hsa.750"
"12","Hsa.45293"
"13","Hsa.2555"
"14","Hsa.467"
"15","Hsa.539"
"16","Hsa.2357"
"17","Hsa.474"
"18","Hsa.749"
"19","Hsa.24464"
"20","Hsa.2597"
"21","Hsa.3835"
"22","Hsa.6080"
"23","Hsa.3002"
"24","Hsa.1119"
"25","Hsa.44472"
"26","Hsa.4689"
"27","Hsa.45293"
"28","Hsa.5710"
"29","Hsa.20836"
"30","Hsa.909"
"31","Hsa.878"
"32","Hsa.1648"
"33","Hsa.1836"
"34","Hsa.1273"
"35","Hsa.19249"
"36","Hsa.2948"
"37","Hsa.7877"
"38","Hsa.1400"
"39","HSAC07                                                                                                                                                                                                                                                                    "
"40","HSAC07                                                                                                                                                                                                                                                                    "
"41","HSAC07                                                                                                                                                                                                                                                                    "
"42","HSAC07                                                                                                                                                                                                                                                                    "
"43","Hsa.8068"
"44","Hsa.1139"
"45","Hsa.27083"
"46","Hsa.3006"
"47","Hsa.5398"
"48","Hsa.2299"
"49","Hsa.1013"
"50","UMGAP                                                                                                                                                                                                                                                                        "
"51","UMGAP                                                                                                                                                                                                                                                                        "
"52","UMGAP                                                                                                                                                                                                                                                                        "
"53","UMGAP                                                                                                                                                                                                                                                                        "
"54","Hsa.2221"
"55","Hsa.1238"
"56","Hsa.6039"
"57","Hsa.98"
"58","Hsa.2019"
"59","Hsa.1732"
"60","Hsa.5363"
"61","Hsa.8093"
"62","Hsa.5444"
"63","Hsa.3094"
"64","Hsa.1949"
"65","Hsa.361"
"66","Hsa.8125"
"67","Hsa.2361"
"68","Hsa.255"
"69","Hsa.2699"
"70","Hsa.1013"
"71","Hsa.2542"
"72","Hsa.678"
"73","Hsa.36957"
"74","Hsa.44403"
"75","Hsa.2800"
"76","Hsa.25867"
"77","Hsa.6977"
"78","Hsa.24121"
"79","Hsa.9304"
"80","Hsa.2063"
"81","Hsa.36957"
"82","Hsa.938"
"83","Hsa.33965"
"84","Hsa.2219"
"85","Hsa.2665"
"86","Hsa.954"
"87","Hsa.1812"
"88","Hsa.27685"
"89","Hsa.20"
"90","Hsa.2151"
"91","Hsa.489"
"92","Hsa.12257"
"93","Hsa.2026"
"94","Hsa.1500"
"95","Hsa.5292"
"96","Hsa.18897"
"97","Hsa.45222"
"98","Hsa.32730"
"99","Hsa.2419"
"100","Hsa.1985"
"101","Hsa.10363"
"102","Hsa.3566"
"103","Hsa.689"
"104","Hsa.624"
"105","Hsa.1978"
"106","Hsa.3409"
"107","Hsa.5346"
"108","Hsa.38205"
"109","Hsa.2582"
"110","Hsa.11712"
"111","Hsa.10755"
"112","Hsa.2600"
"113","Hsa.68"
"114","Hsa.4316"
"115","Hsa.2918"
"116","Hsa.914"
"117","Hsa.7280"
"118","Hsa.8126"
"119","Hsa.1737"
"120","Hsa.1939"
"121","Hsa.2929"
"122","Hsa.21232"
"123","Hsa.1961"
"124","Hsa.916"
"125","Hsa.1732"
"126","Hsa.13183"
"127","Hsa.4252"
"128","Hsa.572"
"129","Hsa.45260"
"130","Hsa.73"
"131","Hsa.3225"
"132","Hsa.6977"
"133","Hsa.3129"
"134","Hsa.34312"
"135","Hsa.41309"
"136","Hsa.537"
"137","Hsa.36694"
"138","Hsa.957"
"139","Hsa.668"
"140","Hsa.10975"
"141","Hsa.451"
"142","Hsa.41357"
"143","Hsa.810"
"144","Hsa.2071"
"145","Hsa.2655"
"146","Hsa.91"
"147","Hsa.558"
"148","Hsa.1222"
"149","Hsa.3017"
"150","Hsa.3409"
"151","Hsa.652"
"152","Hsa.1829"
"153","Hsa.1367"
"154","Hsa.63"
"155","Hsa.27491"
"156","Hsa.1803"
"157","Hsa.3197"
"158","Hsa.22614"
"159","Hsa.45604"
"160","Hsa.36957"
"161","Hsa.11096"
"162","Hsa.10306"
"163","Hsa.43252"
"164","Hsa.5821"
"165","Hsa.733"
"166","Hsa.2357"
"167","Hsa.31"
"168","Hsa.24539"
"169","Hsa.22614"
"170","Hsa.6146"
"171","Hsa.45604"
"172","Hsa.19"
"173","Hsa.644"
"174","Hsa.21418"
"175","Hsa.18664"
"176","Hsa.25451"
"177","Hsa.8831"
"178","Hsa.10510"
"179","Hsa.514"
"180","Hsa.2663"
"181","Hsa.120"
"182","Hsa.1137"
"183","Hsa.2831"
"184","Hsa.2015"
"185","Hsa.10305"
"186","Hsa.2244"
"187","Hsa.832"
"188","Hsa.1116"
"189","Hsa.422"
"190","Hsa.2773"
"191","Hsa.39141"
"192","Hsa.1822"
"193","Hsa.6376"
"194","Hsa.580"
"195","Hsa.24948"
"196","Hsa.24652"
"197","Hsa.2463"
"198","Hsa.3003"
"199","Hsa.812"
"200","Hsa.8305"
"201","Hsa.1130"
"202","Hsa.2360"
"203","Hsa.570"
"204","Hsa.15115"
"205","Hsa.36074"
"206","Hsa.304"
"207","Hsa.7498"
"208","Hsa.338"
"209","Hsa.6671"
"210","Hsa.2846"
"211","Hsa.9255"
"212","Hsa.915"
"213","Hsa.9817"
"214","Hsa.1181"
"215","Hsa.26128"
"216","Hsa.546"
"217","Hsa.991"
"218","Hsa.31882"
"219","Hsa.3922"
"220","Hsa.41218"
"221","Hsa.2710"
"222","Hsa.307"
"223","Hsa.587"
"224","Hsa.2095"
"225","Hsa.3547"
"226","Hsa.3295"
"227","Hsa.778"
"228","Hsa.2014"
"229","Hsa.1190"
"230","Hsa.4954"
"231","Hsa.1939"
"232","Hsa.3150"
"233","Hsa.568"
"234","Hsa.4992"
"235","Hsa.1006"
"236","Hsa.9277"
"237","Hsa.9817"
"238","Hsa.21339"
"239","Hsa.100"
"240","Hsa.8656"
"241","Hsa.951"
"242","Hsa.1847"
"243","Hsa.9623"
"244","Hsa.8606"
"245","Hsa.692"
"246","Hsa.918"
"247","Hsa.13102"
"248","Hsa.8177"
"249","Hsa.8147"
"250","Hsa.1532"
"251","Hsa.41315"
"252","Hsa.921"
"253","Hsa.3045"
"254","Hsa.628"
"255","Hsa.1070"
"256","Hsa.2714"
"257","Hsa.2613"
"258","Hsa.823"
"259","Hsa.231"
"260","i                                                                                                                                                                                                                                                                            "
"261","i                                                                                                                                                                                                                                                                            "
"262","i                                                                                                                                                                                                                                                                            "
"263","i                                                                                                                                                                                                                                                                            "
"264","Hsa.996"
"265","Hsa.9372"
"266","Hsa.33572"
"267","Hsa.692"
"268","Hsa.1825"
"269","Hsa.2806"
"270","Hsa.38375"
"271","Hsa.81"
"272","Hsa.5122"
"273","Hsa.2933"
"274","Hsa.3440"
"275","Hsa.539"
"276","Hsa.10358"
"277","Hsa.8658"
"278","Hsa.3769"
"279","Hsa.41126"
"280","Hsa.854"
"281","Hsa.3001"
"282","Hsa.3031"
"283","Hsa.80"
"284","Hsa.29228"
"285","Hsa.20034"
"286","Hsa.43279"
"287","Hsa.1050"
"288","Hsa.9407"
"289","Hsa.39432"
"290","Hsa.21660"
"291","Hsa.9720"
"292","Hsa.3063"
"293","Hsa.2829"
"294","Hsa.1719"
"295","Hsa.2795"
"296","Hsa.994"
"297","Hsa.6165"
"298","Hsa.19784"
"299","Hsa.5544"
"300","Hsa.17256"
"301","Hsa.1178"
"302","Hsa.26767"
"303","Hsa.41259"
"304","Hsa.3180"
"305","Hsa.2905"
"306","Hsa.1534"
"307","Hsa.1166"
"308","Hsa.2779"
"309","Hsa.14229"
"310","Hsa.787"
"311","Hsa.1478"
"312","Hsa.1722"
"313","Hsa.26914"
"314","Hsa.122"
"315","Hsa.2768"
"316","Hsa.41279"
"317","Hsa.891"
"318","Hsa.3272"
"319","Hsa.9285"
"320","Hsa.1263"
"321","Hsa.2902"
"322","Hsa.1063"
"323","Hsa.3307"
"324","Hsa.25847"
"325","Hsa.19003"
"326","Hsa.256"
"327","Hsa.41347"
"328","Hsa.3121"
"329","Hsa.1044"
"330","Hsa.11352"
"331","Hsa.2917"
"332","Hsa.13598"
"333","Hsa.1391"
"334","Hsa.698"
"335","Hsa.27324"
"336","Hsa.1738"
"337","Hsa.14360"
"338","Hsa.9738"
"339","Hsa.1804"
"340","Hsa.17649"
"341","Hsa.103"
"342","Hsa.79"
"343","Hsa.2950"
"344","Hsa.34874"
"345","Hsa.2598"
"346","Hsa.3117"
"347","Hsa.10176"
"348","Hsa.1276"
"349","Hsa.1450"
"350","Hsa.2126"
"351","Hsa.2559"
"352","Hsa.1096"
"353","Hsa.11096"
"354","Hsa.2809"
"355","Hsa.1466"
"356","Hsa.35496"
"357","Hsa.31"
"358","Hsa.153"
"359","Hsa.594"
"360","Hsa.562"
"361","Hsa.3910"
"362","Hsa.41181"
"363","Hsa.194"
"364","Hsa.995"
"365","Hsa.821"
"366","Hsa.848"
"367","Hsa.33982"
"368","Hsa.9631"
"369","Hsa.2251"
"370","Hsa.2600"
"371","Hsa.1277"
"372","Hsa.4347"
"373","Hsa.13702"
"374","Hsa.13007"
"375","Hsa.26747"
"376","Hsa.3056"
"377","Hsa.36689"
"378","Hsa.2952"
"379","Hsa.807"
"380","Hsa.758"
"381","Hsa.7671"
"382","Hsa.2943"
"383","Hsa.41124"
"384","Hsa.538"
"385","Hsa.2505"
"386","Hsa.2440"
"387","Hsa.20507"
"388","Hsa.136"
"389","Hsa.6160"
"390","Hsa.1687"
"391","Hsa.3152"
"392","Hsa.5548"
"393","Hsa.27832"
"394","Hsa.1008"
"395","Hsa.1278"
"396","Hsa.45242"
"397","Hsa.1121"
"398","Hsa.1670"
"399","Hsa.5971"
"400","Hsa.1558"
"401","Hsa.142"
"402","Hsa.28145"
"403","Hsa.1504"
"404","Hsa.16100"
"405","Hsa.454"
"406","Hsa.5537"
"407","Hsa.9667"
"408","Hsa.2995"
"409","Hsa.8097"
"410","Hsa.11780"
"411","Hsa.41282"
"412","Hsa.41325"
"413","Hsa.19731"
"414","Hsa.244"
"415","Hsa.1221"
"416","Hsa.34351"
"417","Hsa.2086"
"418","Hsa.1033"
"419","Hsa.24506"
"420","Hsa.2249"
"421","Hsa.30128"
"422","Hsa.25380"
"423","Hsa.16086"
"424","Hsa.2489"
"425","Hsa.5143"
"426","Hsa.8736"
"427","Hsa.544"
"428","Hsa.3207"
"429","Hsa.13110"
"430","Hsa.8596"
"431","Hsa.714"
"432","Hsa.965"
"433","Hsa.1473"
"434","Hsa.1108"
"435","Hsa.19537"
"436","Hsa.2870"
"437","Hsa.879"
"438","Hsa.28608"
"439","Hsa.1181"
"440","Hsa.929"
"441","Hsa.3174"
"442","Hsa.13624"
"443","Hsa.2592"
"444","Hsa.702"
"445","Hsa.2232"
"446","Hsa.41083"
"447","Hsa.3157"
"448","Hsa.3299"
"449","Hsa.6633"
"450","Hsa.4234"
"451","Hsa.2560"
"452","Hsa.3328"
"453","Hsa.42186"
"454","Hsa.33699"
"455","Hsa.551"
"456","Hsa.1821"
"457","Hsa.35528"
"458","Hsa.1239"
"459","Hsa.3852"
"460","Hsa.912"
"461","Hsa.1990"
"462","Hsa.24110"
"463","Hsa.2033"
"464","Hsa.8583"
"465","Hsa.1762"
"466","Hsa.41207"
"467","Hsa.2588"
"468","Hsa.27721"
"469","Hsa.7736"
"470","Hsa.6581"
"471","Hsa.1896"
"472","Hsa.22251"
"473","Hsa.591"
"474","Hsa.10067"
"475","Hsa.36291"
"476","Hsa.479"
"477","Hsa.2612"
"478","Hsa.1542"
"479","Hsa.2163"
"480","Hsa.592"
"481","Hsa.40177"
"482","Hsa.59"
"483","Hsa.35652"
"484","Hsa.13670"
"485","Hsa.2268"
"486","Hsa.209"
"487","Hsa.719"
"488","Hsa.1678"
"489","Hsa.3088"
"490","Hsa.41875"
"491","Hsa.7654"
"492","Hsa.2311"
"493","Hsa.37937"
"494","Hsa.3069"
"495","Hsa.27686"
"496","Hsa.17101"
"497","Hsa.2119"
"498","Hsa.2529"
"499","Hsa.39"
"500","Hsa.5464"
"501","Hsa.561"
"502","Hsa.8597"
"503","Hsa.35000"
"504","Hsa.1867"
"505","Hsa.3909"
"506","Hsa.39809"
"507","Hsa.19232"
"508","Hsa.33602"
"509","Hsa.3185"
"510","Hsa.50"
"511","Hsa.34416"
"512","Hsa.44787"
"513","Hsa.831"
"514","Hsa.9285"
"515","Hsa.6472"
"516","Hsa.949"
"517","Hsa.3454"
"518","Hsa.2379"
"519","Hsa.2951"
"520","Hsa.3007"
"521","Hsa.16096"
"522","Hsa.16793"
"523","Hsa.934"
"524","Hsa.7247"
"525","Hsa.36657"
"526","a.1000"
"527","Hsa.36665"
"528","Hsa.132"
"529","Hsa.286"
"530","Hsa.215"
"531","Hsa.1448"
"532","Hsa.2589"
"533","Hsa.2132"
"534","Hsa.24206"
"535","Hsa.5633"
"536","Hsa.1830"
"537","Hsa.1164"
"538","Hsa.4996"
"539","Hsa.12209"
"540","Hsa.17"
"541","Hsa.21596"
"542","Hsa.1948"
"543","Hsa.561"
"544","Hsa.26083"
"545","Hsa.2393"
"546","Hsa.21901"
"547","Hsa.3069"
"548","Hsa.2191"
"549","Hsa.1591"
"550","Hsa.726"
"551","Hsa.962"
"552","Hsa.1793"
"553","Hsa.1312"
"554","Hsa.10909"
"555","Hsa.1098"
"556","Hsa.268"
"557","Hsa.37169"
"558","Hsa.22191"
"559","Hsa.8052"
"560","Hsa.1215"
"561","Hsa.8219"
"562","Hsa.470"
"563","Hsa.41164"
"564","Hsa.1165"
"565","Hsa.806"
"566","Hsa.2094"
"567","Hsa.2780"
"568","Hsa.23285"
"569","Hsa.6376"
"570","Hsa.3209"
"571","Hsa.853"
"572","Hsa.8964"
"573","Hsa.1133"
"574","Hsa.2141"
"575","Hsa.9761"
"576","Hsa.2487"
"577","Hsa.8"
"578","Hsa.19828"
"579","Hsa.1244"
"580","Hsa.41299"
"581","Hsa.1207"
"582","Hsa.40595"
"583","Hsa.41956"
"584","Hsa.834"
"585","Hsa.1768"
"586","Hsa.608"
"587","Hsa.1640"
"588","Hsa.8182"
"589","Hsa.3150"
"590","Hsa.8010"
"591","Hsa.36019"
"592","Hsa.2062"
"593","Hsa.31943"
"594","Hsa.17822"
"595","Hsa.6422"
"596","Hsa.950"
"597","Hsa.20028"
"598","Hsa.32389"
"599","Hsa.1773"
"600","Hsa.847"
"601","Hsa.1132"
"602","Hsa.1106"
"603","Hsa.2478"
"604","Hsa.1630"
"605","Hsa.1445"
"606","Hsa.4907"
"607","Hsa.6376"
"608","Hsa.2416"
"609","Hsa.24944"
"610","Hsa.41240"
"611","Hsa.897"
"612","Hsa.1739"
"613","Hsa.22167"
"614","Hsa.9251"
"615","Hsa.39288"
"616","Hsa.3022"
"617","Hsa.42949"
"618","Hsa.2304"
"619","Hsa.6458"
"620","Hsa.2739"
"621","Hsa.305"
"622","Hsa.732"
"623","Hsa.34562"
"624","Hsa.5402"
"625","Hsa.3306"
"626","Hsa.7324"
"627","Hsa.28914"
"628","Hsa.36010"
"629","Hsa.3194"
"630","Hsa.9691"
"631","Hsa.33843"
"632","Hsa.3135"
"633","Hsa.45499"
"634","Hsa.1920"
"635","Hsa.465"
"636","Hsa.1515"
"637","Hsa.36666"
"638","Hsa.2298"
"639","Hsa.22762"
"640","Hsa.318"
"641","Hsa.8080"
"642","Hsa.3098"
"643","Hsa.5142"
"644","Hsa.2301"
"645","Hsa.27592"
"646","Hsa.26883"
"647","Hsa.2007"
"648","Hsa.168"
"649","Hsa.11765"
"650","Hsa.977"
"651","Hsa.3228"
"652","Hsa.7395"
"653","Hsa.1485"
"654","Hsa.400"
"655","Hsa.19653"
"656","Hsa.2858"
"657","Hsa.845"
"658","Hsa.21160"
"659","Hsa.1668"
"660","Hsa.347"
"661","Hsa.285"
"662","Hsa.2646"
"663","Hsa.3076"
"664","Hsa.36938"
"665","Hsa.16742"
"666","Hsa.28193"
"667","Hsa.43684"
"668","Hsa.1175"
"669","Hsa.3517"
"670","Hsa.2156"
"671","Hsa.301"
"672","Hsa.3159"
"673","Hsa.1258"
"674","Hsa.3820"
"675","Hsa.7265"
"676","Hsa.1486"
"677","Hsa.37058"
"678","Hsa.2830"
"679","Hsa.2966"
"680","Hsa.10068"
"681","Hsa.16164"
"682","Hsa.10047"
"683","Hsa.6051"
"684","Hsa.1036"
"685","Hsa.1715"
"686","Hsa.1920"
"687","Hsa.12892"
"688","Hsa.1414"
"689","Hsa.2568"
"690","Hsa.2840"
"691","Hsa.36354"
"692","Hsa.14896"
"693","Hsa.978"
"694","Hsa.852"
"695","Hsa.919"
"696","Hsa.41163"
"697","Hsa.35201"
"698","Hsa.9972"
"699","Hsa.38375"
"700","Hsa.359"
"701","Hsa.3260"
"702","Hsa.109"
"703","Hsa.1522"
"704","Hsa.465"
"705","Hsa.7614"
"706","Hsa.370"
"707","Hsa.12024"
"708","Hsa.896"
"709","Hsa.12754"
"710","Hsa.43155"
"711","Hsa.2179"
"712","Hsa.17956"
"713","Hsa.15844"
"714","Hsa.3136"
"715","Hsa.44686"
"716","Hsa.733"
"717","Hsa.2843"
"718","Hsa.2149"
"719","Hsa.16100"
"720","Hsa.321"
"721","Hsa.13834"
"722","Hsa.34384"
"723","Hsa.557"
"724","Hsa.612"
"725","Hsa.1761"
"726","Hsa.1284"
"727","Hsa.44876"
"728","Hsa.2363"
"729","Hsa.2567"
"730","Hsa.37038"
"731","Hsa.154"
"732","Hsa.31933"
"733","Hsa.61"
"734","Hsa.2856"
"735","Hsa.1521"
"736","Hsa.5120"
"737","Hsa.1806"
"738","Hsa.893"
"739","Hsa.3305"
"740","Hsa.3256"
"741","Hsa.15167"
"742","Hsa.10171"
"743","Hsa.11340"
"744","Hsa.1480"
"745","Hsa.2372"
"746","Hsa.216"
"747","Hsa.2543"
"748","Hsa.3164"
"749","Hsa.21369"
"750","Hsa.1489"
"751","Hsa.741"
"752","Hsa.1502"
"753","Hsa.14360"
"754","Hsa.2317"
"755","Hsa.2634"
"756","Hsa.4251"
"757","Hsa.641"
"758","Hsa.3239"
"759","Hsa.41322"
"760","Hsa.1537"
"761","Hsa.25745"
"762","Hsa.3940"
"763","Hsa.1567"
"764","Hsa.3067"
"765","Hsa.692"
"766","Hsa.9235"
"767","Hsa.465"
"768","Hsa.2884"
"769","Hsa.2135"
"770","Hsa.1799"
"771","Hsa.17353"
"772","Hsa.2008"
"773","Hsa.22775"
"774","Hsa.3298"
"775","Hsa.964"
"776","Hsa.6048"
"777","Hsa.3274"
"778","Hsa.2985"
"779","Hsa.1726"
"780","Hsa.773"
"781","Hsa.550"
"782","Hsa.2390"
"783","Hsa.7852"
"784","Hsa.3926"
"785","Hsa.2513"
"786","Hsa.43242"
"787","Hsa.1854"
"788","Hsa.3353"
"789","Hsa.1220"
"790","Hsa.1259"
"791","Hsa.1516"
"792","Hsa.1272"
"793","Hsa.2999"
"794","Hsa.18401"
"795","Hsa.1433"
"796","Hsa.348"
"797","Hsa.3040"
"798","Hsa.695"
"799","Hsa.680"
"800","Hsa.28162"
"801","Hsa.9285"
"802","Hsa.2863"
"803","Hsa.20164"
"804","Hsa.6596"
"805","Hsa.1138"
"806","Hsa.3349"
"807","Hsa.316"
"808","Hsa.3145"
"809","Hsa.2576"
"810","Hsa.2841"
"811","Hsa.17453"
"812","Hsa.41280"
"813","Hsa.1955"
"814","Hsa.2650"
"815","Hsa.2801"
"816","Hsa.18513"
"817","Hsa.23699"
"818","Hsa.287"
"819","Hsa.8299"
"820","Hsa.3070"
"821","Hsa.25"
"822","Hsa.1131"
"823","Hsa.3099"
"824","Hsa.41280"
"825","Hsa.2342"
"826","Hsa.26920"
"827","Hsa.14842"
"828","Hsa.41116"
"829","Hsa.487"
"830","Hsa.3803"
"831","Hsa.1385"
"832","Hsa.8133"
"833","Hsa.2345"
"834","Hsa.36685"
"835","Hsa.2315"
"836","Hsa.646"
"837","Hsa.459"
"838","Hsa.12149"
"839","Hsa.8374"
"840","Hsa.2778"
"841","Hsa.2469"
"842","Hsa.2105"
"843","Hsa.884"
"844","Hsa.1216"
"845","Hsa.1071"
"846","Hsa.2955"
"847","Hsa.1694"
"848","Hsa.1512"
"849","Hsa.10516"
"850","Hsa.12893"
"851","Hsa.28186"
"852","Hsa.1698"
"853","Hsa.34914"
"854","Hsa.42738"
"855","Hsa.17030"
"856","Hsa.2769"
"857","Hsa.24279"
"858","Hsa.26719"
"859","Hsa.2925"
"860","Hsa.24048"
"861","Hsa.20524"
"862","Hsa.27738"
"863","Hsa.14453"
"864","Hsa.35518"
"865","Hsa.42204"
"866","Hsa.2700"
"867","Hsa.1724"
"868","Hsa.9153"
"869","Hsa.2238"
"870","Hsa.1219"
"871","Hsa.41169"
"872","Hsa.3154"
"873","Hsa.11932"
"874","Hsa.44397"
"875","Hsa.9025"
"876","Hsa.829"
"877","Hsa.45192"
"878","Hsa.140"
"879","Hsa.3065"
"880","Hsa.3138"
"881","Hsa.2978"
"882","Hsa.26528"
"883","Hsa.1840"
"884","Hsa.1414"
"885","Hsa.21379"
"886","Hsa.38203"
"887","Hsa.946"
"888","Hsa.45754"
"889","Hsa.26719"
"890","Hsa.3212"
"891","Hsa.14884"
"892","Hsa.2747"
"893","Hsa.895"
"894","Hsa.5532"
"895","Hsa.2654"
"896","Hsa.13023"
"897","Hsa.36952"
"898","Hsa.1375"
"899","Hsa.8983"
"900","Hsa.1294"
"901","Hsa.16505"
"902","Hsa.20324"
"903","Hsa.2047"
"904","Hsa.1015"
"905","Hsa.17595"
"906","Hsa.14885"
"907","Hsa.2089"
"908","Hsa.1676"
"909","Hsa.44036"
"910","Hsa.1317"
"911","Hsa.561"
"912","Hsa.742"
"913","Hsa.8096"
"914","Hsa.1642"
"915","Hsa.1664"
"916","Hsa.28146"
"917","Hsa.12102"
"918","Hsa.3068"
"919","Hsa.2725"
"920","Hsa.1089"
"921","Hsa.2409"
"922","Hsa.7165"
"923","Hsa.1419"
"924","Hsa.364"
"925","Hsa.116"
"926","Hsa.249"
"927","Hsa.502"
"928","Hsa.11850"
"929","Hsa.1610"
"930","Hsa.1309"
"931","Hsa.2565"
"932","Hsa.1598"
"933","Hsa.35955"
"934","Hsa.2348"
"935","Hsa.642"
"936","Hsa.57"
"937","Hsa.24829"
"938","Hsa.4919"
"939","Hsa.3278"
"940","Hsa.1177"
"941","Hsa.2120"
"942","Hsa.1798"
"943","Hsa.471"
"944","Hsa.27648"
"945","Hsa.3041"
"946","Hsa.1507"
"947","Hsa.25142"
"948","Hsa.37021"
"949","Hsa.21847"
"950","Hsa.10706"
"951","Hsa.2881"
"952","Hsa.959"
"953","Hsa.3876"
"954","Hsa.3148"
"955","Hsa.11675"
"956","Hsa.2975"
"957","Hsa.2475"
"958","Hsa.9816"
"959","Hsa.6617"
"960","Hsa.36683"
"961","Hsa.9271"
"962","Hsa.8194"
"963","Hsa.2586"
"964","Hsa.3331"
"965","Hsa.7554"
"966","Hsa.1616"
"967","Hsa.26698"
"968","Hsa.7319"
"969","Hsa.35804"
"970","Hsa.11839"
"971","Hsa.8232"
"972","Hsa.28540"
"973","Hsa.5756"
"974","Hsa.166"
"975","Hsa.2359"
"976","Hsa.25867"
"977","Hsa.2255"
"978","Hsa.2060"
"979","Hsa.37541"
"980","Hsa.447"
"981","Hsa.688"
"982","Hsa.3115"
"983","Hsa.428"
"984","Hsa.20976"
"985","Hsa.8837"
"986","Hsa.4756"
"987","Hsa.1260"
"988","Hsa.1127"
"989","Hsa.2316"
"990","Hsa.1192"
"991","Hsa.1522"
"992","Hsa.1073"
"993","Hsa.3348"
"994","Hsa.9218"
"995","Hsa.3048"
"996","Hsa.2841"
"997","Hsa.1089"
"998","Hsa.34968"
"999","Hsa.22909"
"1000","Hsa.41123"
"1001","Hsa.1138"
"1002","Hsa.1205"
"1003","Hsa.24373"
"1004","Hsa.25748"
"1005","Hsa.45732"
"1006","Hsa.1288"
"1007","Hsa.84"
"1008","Hsa.33277"
"1009","Hsa.2386"
"1010","Hsa.146"
"1011","Hsa.11628"
"1012","Hsa.275"
"1013","Hsa.33368"
"1014","Hsa.4937"
"1015","Hsa.1470"
"1016","Hsa.7646"
"1017","Hsa.1453"
"1018","Hsa.1855"
"1019","Hsa.7802"
"1020","Hsa.1802"
"1021","Hsa.2619"
"1022","Hsa.16742"
"1023","Hsa.1161"
"1024","Hsa.31801"
"1025","Hsa.3215"
"1026","Hsa.3198"
"1027","Hsa.1359"
"1028","Hsa.114"
"1029","Hsa.2274"
"1030","Hsa.44595"
"1031","Hsa.2092"
"1032","Hsa.2157"
"1033","Hsa.925"
"1034","Hsa.24290"
"1035","Hsa.26628"
"1036","Hsa.23249"
"1037","Hsa.41495"
"1038","Hsa.2986"
"1039","Hsa.717"
"1040","Hsa.179"
"1041","Hsa.27930"
"1042","Hsa.549"
"1043","Hsa.1714"
"1044","Hsa.13522"
"1045","Hsa.1554"
"1046","Hsa.602"
"1047","Hsa.1588"
"1048","Hsa.2051"
"1049","Hsa.2805"
"1050","Hsa.262"
"1051","Hsa.28840"
"1052","Hsa.168"
"1053","Hsa.13610"
"1054","Hsa.23366"
"1055","Hsa.2066"
"1056","Hsa.1973"
"1057","Hsa.41314"
"1058","Hsa.579"
"1059","Hsa.9856"
"1060","Hsa.462"
"1061","Hsa.10224"
"1062","Hsa.14"
"1063","Hsa.2503"
"1064","Hsa.1088"
"1065","Hsa.1855"
"1066","Hsa.37192"
"1067","Hsa.490"
"1068","Hsa.1147"
"1069","Hsa.1347"
"1070","Hsa.32358"
"1071","Hsa.24153"
"1072","Hsa.28800"
"1073","Hsa.40063"
"1074","Hsa.26837"
"1075","Hsa.7784"
"1076","Hsa.1043"
"1077","Hsa.3969"
"1078","Hsa.36599"
"1079","Hsa.40009"
"1080","Hsa.3203"
"1081","Hsa.33671"
"1082","Hsa.2152"
"1083","Hsa.1866"
"1084","Hsa.2974"
"1085","Hsa.1580"
"1086","Hsa.13535"
"1087","Hsa.1212"
"1088","Hsa.37075"
"1089","Hsa.123"
"1090","Hsa.1672"
"1091","Hsa.1860"
"1092","Hsa.8301"
"1093","Hsa.3888"
"1094","Hsa.24877"
"1095","Hsa.16501"
"1096","Hsa.3166"
"1097","Hsa.2558"
"1098","Hsa.6546"
"1099","Hsa.1651"
"1100","Hsa.2777"
"1101","Hsa.2868"
"1102","Hsa.1331"
"1103","Hsa.10807"
"1104","Hsa.41208"
"1105","Hsa.440"
"1106","Hsa.8131"
"1107","Hsa.1618"
"1108","Hsa.23677"
"1109","Hsa.27958"
"1110","Hsa.94"
"1111","Hsa.41338"
"1112","Hsa.25481"
"1113","Hsa.1659"
"1114","Hsa.2145"
"1115","Hsa.39753"
"1116","Hsa.8532"
"1117","Hsa.1712"
"1118","Hsa.8540"
"1119","Hsa.2610"
"1120","Hsa.1030"
"1121","Hsa.37041"
"1122","Hsa.1283"
"1123","Hsa.1467"
"1124","Hsa.2152"
"1125","Hsa.809"
"1126","Hsa.1893"
"1127","Hsa.11885"
"1128","Hsa.51"
"1129","Hsa.3410"
"1130","Hsa.43225"
"1131","Hsa.376"
"1132","Hsa.432"
"1133","Hsa.37818"
"1134","Hsa.9872"
"1135","Hsa.18321"
"1136","Hsa.3648"
"1137","Hsa.612"
"1138","Hsa.3967"
"1139","Hsa.7048"
"1140","Hsa.14976"
"1141","Hsa.2986"
"1142","Hsa.2765"
"1143","Hsa.1412"
"1144","Hsa.393"
"1145","Hsa.2101"
"1146","Hsa.32865"
"1147","Hsa.326"
"1148","Hsa.23565"
"1149","Hsa.10169"
"1150","Hsa.2609"
"1151","Hsa.3102"
"1152","Hsa.8833"
"1153","Hsa.1047"
"1154","Hsa.1325"
"1155","Hsa.27085"
"1156","Hsa.2324"
"1157","Hsa.14595"
"1158","Hsa.17091"
"1159","Hsa.2547"
"1160","Hsa.904"
"1161","Hsa.2035"
"1162","Hsa.35968"
"1163","Hsa.313"
"1164","Hsa.1552"
"1165","Hsa.42442"
"1166","Hsa.7348"
"1167","Hsa.1211"
"1168","Hsa.229"
"1169","Hsa.43540"
"1170","Hsa.2756"
"1171","Hsa.1787"
"1172","Hsa.1770"
"1173","Hsa.3118"
"1174","Hsa.25533"
"1175","Hsa.36218"
"1176","Hsa.11572"
"1177","Hsa.2448"
"1178","Hsa.1530"
"1179","Hsa.2146"
"1180","Hsa.7705"
"1181","Hsa.2436"
"1182","Hsa.694"
"1183","Hsa.1675"
"1184","Hsa.827"
"1185","Hsa.45210"
"1186","Hsa.37553"
"1187","Hsa.816"
"1188","Hsa.10967"
"1189","Hsa.23608"
"1190","Hsa.1957"
"1191","Hsa.32319"
"1192","Hsa.3867"
"1193","Hsa.12701"
"1194","Hsa.60"
"1195","Hsa.6910"
"1196","Hsa.103"
"1197","Hsa.1171"
"1198","Hsa.22461"
"1199","Hsa.23124"
"1200","Hsa.42625"
"1201","Hsa.2530"
"1202","Hsa.1213"
"1203","Hsa.943"
"1204","Hsa.24868"
"1205","Hsa.360"
"1206","Hsa.974"
"1207","Hsa.10308"
"1208","Hsa.6030"
"1209","Hsa.7203"
"1210","Hsa.442"
"1211","Hsa.2962"
"1212","Hsa.40619"
"1213","Hsa.1994"
"1214","Hsa.3020"
"1215","Hsa.9190"
"1216","Hsa.6438"
"1217","Hsa.11854"
"1218","Hsa.8551"
"1219","Hsa.3269"
"1220","Hsa.16443"
"1221","Hsa.8214"
"1222","Hsa.2183"
"1223","Hsa.3010"
"1224","Hsa.2997"
"1225","Hsa.27341"
"1226","Hsa.1670"
"1227","Hsa.8040"
"1228","Hsa.36649"
"1229","Hsa.2339"
"1230","Hsa.2922"
"1231","Hsa.8175"
"1232","Hsa.119"
"1233","Hsa.7499"
"1234","Hsa.22347"
"1235","Hsa.399"
"1236","Hsa.290"
"1237","Hsa.2956"
"1238","Hsa.3271"
"1239","Hsa.1383"
"1240","Hsa.19945"
"1241","Hsa.13628"
"1242","Hsa.1403"
"1243","Hsa.2530"
"1244","Hsa.2591"
"1245","Hsa.44676"
"1246","Hsa.2585"
"1247","Hsa.2553"
"1248","Hsa.1617"
"1249","Hsa.1550"
"1250","Hsa.34428"
"1251","Hsa.41281"
"1252","Hsa.15101"
"1253","Hsa.37931"
"1254","Hsa.2748"
"1255","Hsa.14973"
"1256","Hsa.2451"
"1257","Hsa.1408"
"1258","Hsa.5211"
"1259","Hsa.24867"
"1260","Hsa.36655"
"1261","Hsa.718"
"1262","Hsa.728"
"1263","Hsa.8781"
"1264","Hsa.22242"
"1265","Hsa.4153"
"1266","Hsa.2774"
"1267","Hsa.746"
"1268","Hsa.35471"
"1269","Hsa.981"
"1270","Hsa.1005"
"1271","Hsa.2549"
"1272","Hsa.1682"
"1273","Hsa.14484"
"1274","Hsa.20609"
"1275","Hsa.2053"
"1276","Hsa.5130"
"1277","Hsa.2772"
"1278","Hsa.5141"
"1279","Hsa.3165"
"1280","Hsa.1280"
"1281","Hsa.2793"
"1282","Hsa.1972"
"1283","Hsa.2847"
"1284","Hsa.617"
"1285","Hsa.1479"
"1286","Hsa.421"
"1287","Hsa.31794"
"1288","Hsa.2862"
"1289","Hsa.25777"
"1290","Hsa.2178"
"1291","Hsa.1875"
"1292","Hsa.619"
"1293","Hsa.11673"
"1294","Hsa.41187"
"1295","Hsa.22"
"1296","Hsa.401"
"1297","Hsa.42357"
"1298","Hsa.2509"
"1299","Hsa.20609"
"1300","Hsa.18787"
"1301","Hsa.15598"
"1302","Hsa.1885"
"1303","Hsa.1517"
"1304","Hsa.43894"
"1305","Hsa.975"
"1306","Hsa.367"
"1307","Hsa.1635"
"1308","Hsa.2483"
"1309","Hsa.1705"
"1310","Hsa.37983"
"1311","Hsa.1422"
"1312","Hsa.1701"
"1313","Hsa.7459"
"1314","Hsa.2471"
"1315","Hsa.1509"
"1316","Hsa.40957"
"1317","Hsa.6484"
"1318","Hsa.8007"
"1319","Hsa.2837"
"1320","Hsa.9143"
"1321","Hsa.2706"
"1322","Hsa.1460"
"1323","Hsa.7336"
"1324","Hsa.2996"
"1325","Hsa.3016"
"1326","Hsa.902"
"1327","Hsa.2832"
"1328","Hsa.6317"
"1329","Hsa.1154"
"1330","Hsa.10240"
"1331","Hsa.32"
"1332","Hsa.667"
"1333","Hsa.2901"
"1334","Hsa.7"
"1335","Hsa.3026"
"1336","Hsa.17776"
"1337","Hsa.6786"
"1338","Hsa.2410"
"1339","Hsa.7462"
"1340","Hsa.17564"
"1341","Hsa.814"
"1342","Hsa.39621"
"1343","Hsa.2614"
"1344","Hsa.1719"
"1345","Hsa.41381"
"1346","Hsa.5392"
"1347","Hsa.2340"
"1348","Hsa.2354"
"1349","Hsa.1320"
"1350","Hsa.32345"
"1351","Hsa.41247"
"1352","Hsa.712"
"1353","Hsa.2957"
"1354","Hsa.37293"
"1355","Hsa.16714"
"1356","Hsa.40206"
"1357","Hsa.16622"
"1358","Hsa.534"
"1359","Hsa.3238"
"1360","Hsa.34431"
"1361","Hsa.1241"
"1362","Hsa.1062"
"1363","Hsa.3301"
"1364","Hsa.36671"
"1365","Hsa.341"
"1366","Hsa.2827"
"1367","Hsa.7648"
"1368","Hsa.28895"
"1369","Hsa.18462"
"1370","Hsa.35496"
"1371","Hsa.1929"
"1372","Hsa.2967"
"1373","Hsa.9102"
"1374","Hsa.28468"
"1375","Hsa.36897"
"1376","Hsa.36943"
"1377","Hsa.31677"
"1378","Hsa.19843"
"1379","Hsa.2789"
"1380","Hsa.1316"
"1381","Hsa.6317"
"1382","Hsa.449"
"1383","Hsa.3764"
"1384","Hsa.19143"
"1385","Hsa.44067"
"1386","Hsa.2275"
"1387","Hsa.1902"
"1388","Hsa.578"
"1389","Hsa.555"
"1390","Hsa.1775"
"1391","Hsa.1620"
"1392","Hsa.10314"
"1393","Hsa.14763"
"1394","Hsa.42746"
"1395","Hsa.34510"
"1396","Hsa.33338"
"1397","Hsa.27300"
"1398","Hsa.25522"
"1399","Hsa.2678"
"1400","Hsa.663"
"1401","Hsa.212"
"1402","Hsa.1253"
"1403","Hsa.2904"
"1404","Hsa.1066"
"1405","Hsa.3208"
"1406","Hsa.3263"
"1407","Hsa.1569"
"1408","Hsa.32535"
"1409","Hsa.23150"
"1410","Hsa.27488"
"1411","Hsa.2715"
"1412","Hsa.3086"
"1413","Hsa.2867"
"1414","Hsa.31630"
"1415","Hsa.2285"
"1416","Hsa.477"
"1417","Hsa.1477"
"1418","Hsa.3047"
"1419","Hsa.990"
"1420","Hsa.17210"
"1421","Hsa.27537"
"1422","Hsa.26969"
"1423","Hsa.1832"
"1424","Hsa.3154"
"1425","Hsa.660"
"1426","Hsa.983"
"1427","Hsa.41442"
"1428","Hsa.24183"
"1429","Hsa.2897"
"1430","Hsa.21859"
"1431","Hsa.486"
"1432","Hsa.2499"
"1433","Hsa.1939"
"1434","Hsa.36528"
"1435","Hsa.18693"
"1436","Hsa.481"
"1437","Hsa.9083"
"1438","Hsa.3160"
"1439","Hsa.43201"
"1440","Hsa.1464"
"1441","Hsa.3072"
"1442","Hsa.612"
"1443","Hsa.9711"
"1444","Hsa.2498"
"1445","Hsa.5514"
"1446","Hsa.1776"
"1447","Hsa.6288"
"1448","Hsa.7431"
"1449","Hsa.14478"
"1450","Hsa.1778"
"1451","Hsa.329"
"1452","Hsa.29817"
"1453","Hsa.317"
"1454","Hsa.683"
"1455","Hsa.7700"
"1456","Hsa.3071"
"1457","Hsa.1574"
"1458","Hsa.33867"
"1459","Hsa.8856"
"1460","Hsa.7741"
"1461","Hsa.2426"
"1462","Hsa.27827"
"1463","Hsa.5164"
"1464","Hsa.1254"
"1465","Hsa.3813"
"1466","Hsa.56"
"1467","Hsa.3225"
"1468","Hsa.3182"
"1469","Hsa.6619"
"1470","Hsa.654"
"1471","Hsa.32"
"1472","Hsa.3252"
"1473","Hsa.1410"
"1474","Hsa.3127"
"1475","Hsa.9641"
"1476","Hsa.2240"
"1477","Hsa.10522"
"1478","Hsa.25536"
"1479","Hsa.2085"
"1480","Hsa.1079"
"1481","Hsa.43226"
"1482","Hsa.12241"
"1483","Hsa.41098"
"1484","Hsa.2551"
"1485","Hsa.108"
"1486","Hsa.2330"
"1487","Hsa.1786"
"1488","Hsa.2209"
"1489","Hsa.491"
"1490","Hsa.41152"
"1491","Hsa.28641"
"1492","Hsa.9332"
"1493","Hsa.1543"
"1494","Hsa.2344"
"1495","Hsa.2561"
"1496","Hsa.26945"
"1497","Hsa.10658"
"1498","Hsa.9574"
"1499","Hsa.1578"
"1500","Hsa.1444"
"1501","Hsa.32298"
"1502","Hsa.20602"
"1503","Hsa.27481"
"1504","Hsa.44244"
"1505","Hsa.862"
"1506","Hsa.33967"
"1507","Hsa.36678"
"1508","Hsa.3104"
"1509","Hsa.1655"
"1510","Hsa.2808"
"1511","Hsa.2818"
"1512","Hsa.6555"
"1513","Hsa.2125"
"1514","Hsa.5226"
"1515","Hsa.1689"
"1516","Hsa.43431"
"1517","Hsa.1596"
"1518","Hsa.21957"
"1519","Hsa.3110"
"1520","Hsa.25813"
"1521","Hsa.295"
"1522","Hsa.2621"
"1523","Hsa.818"
"1524","Hsa.6104"
"1525","Hsa.1887"
"1526","Hsa.1045"
"1527","Hsa.24368"
"1528","Hsa.2154"
"1529","Hsa.14031"
"1530","Hsa.2998"
"1531","Hsa.789"
"1532","Hsa.928"
"1533","Hsa.42443"
"1534","Hsa.2959"
"1535","Hsa.907"
"1536","Hsa.9103"
"1537","Hsa.2964"
"1538","Hsa.25762"
"1539","Hsa.44229"
"1540","Hsa.297"
"1541","Hsa.1140"
"1542","Hsa.2343"
"1543","Hsa.2570"
"1544","Hsa.14914"
"1545","Hsa.11582"
"1546","Hsa.9353"
"1547","Hsa.32463"
"1548","Hsa.8839"
"1549","Hsa.24582"
"1550","Hsa.2210"
"1551","Hsa.952"
"1552","Hsa.3132"
"1553","Hsa.10105"
"1554","Hsa.10437"
"1555","Hsa.2387"
"1556","Hsa.3715"
"1557","Hsa.944"
"1558","Hsa.2280"
"1559","Hsa.1731"
"1560","Hsa.21195"
"1561","Hsa.1373"
"1562","Hsa.3461"
"1563","Hsa.29940"
"1564","sa.19001"
"1565","Hsa.13072"
"1566","Hsa.2742"
"1567","Hsa.21562"
"1568","Hsa.2486"
"1569","Hsa.121"
"1570","Hsa.43405"
"1571","Hsa.41231"
"1572","Hsa.716"
"1573","Hsa.3141"
"1574","Hsa.2391"
"1575","Hsa.11240"
"1576","Hsa.21939"
"1577","Hsa.28390"
"1578","Hsa.1356"
"1579","Hsa.1380"
"1580","Hsa.15776"
"1581","Hsa.28939"
"1582","Hsa.2928"
"1583","Hsa.3093"
"1584","Hsa.1788"
"1585","Hsa.1315"
"1586","Hsa.542"
"1587","Hsa.42317"
"1588","Hsa.1557"
"1589","Hsa.32411"
"1590","Hsa.21933"
"1591","Hsa.1090"
"1592","Hsa.11232"
"1593","Hsa.3248"
"1594","Hsa.45449"
"1595","Hsa.8164"
"1596","Hsa.306"
"1597","Hsa.9246"
"1598","Hsa.43304"
"1599","Hsa.2091"
"1600","Hsa.1691"
"1601","Hsa.2300"
"1602","Hsa.1662"
"1603","Hsa.7781"
"1604","Hsa.492"
"1605","Hsa.1877"
"1606","Hsa.1774"
"1607","Hsa.2312"
"1608","Hsa.127"
"1609","Hsa.485"
"1610","Hsa.2115"
"1611","Hsa.33144"
"1612","Hsa.1728"
"1613","Hsa.23442"
"1614","Hsa.9994"
"1615","Hsa.3893"
"1616","Hsa.985"
"1617","Hsa.2537"
"1618","Hsa.21104"
"1619","Hsa.34881"
"1620","Hsa.2968"
"1621","Hsa.6372"
"1622","Hsa.17426"
"1623","Hsa.18790"
"1624","Hsa.1274"
"1625","Hsa.20883"
"1626","Hsa.12879"
"1627","Hsa.1917"
"1628","Hsa.1122"
"1629","Hsa.18589"
"1630","Hsa.3337"
"1631","Hsa.3061"
"1632","Hsa.1028"
"1633","Hsa.16092"
"1634","Hsa.10664"
"1635","Hsa.2097"
"1636","Hsa.345"
"1637","Hsa.9744"
"1638","Hsa.27560"
"1639","Hsa.2192"
"1640","Hsa.145"
"1641","Hsa.41159"
"1642","Hsa.12465"
"1643","Hsa.1402"
"1644","Hsa.33268"
"1645","Hsa.2670"
"1646","Hsa.1163"
"1647","Hsa.27808"
"1648","Hsa.662"
"1649","Hsa.1240"
"1650","Hsa.20376"
"1651","Hsa.3230"
"1652","Hsa.305"
"1653","Hsa.12442"
"1654","Hsa.743"
"1655","Hsa.30310"
"1656","Hsa.2692"
"1657","Hsa.40211"
"1658","Hsa.25371"
"1659","Hsa.45446"
"1660","Hsa.34776"
"1661","Hsa.2458"
"1662","Hsa.1281"
"1663","Hsa.15734"
"1664","Hsa.44350"
"1665","Hsa.2926"
"1666","Hsa.1592"
"1667","Hsa.687"
"1668","Hsa.1454"
"1669","Hsa.41346"
"1670","Hsa.35652"
"1671","Hsa.627"
"1672","Hsa.1579"
"1673","Hsa.10908"
"1674","Hsa.14069"
"1675","Hsa.3083"
"1676","Hsa.192"
"1677","Hsa.9295"
"1678","Hsa.4296"
"1679","Hsa.2821"
"1680","Hsa.1380"
"1681","Hsa.335"
"1682","Hsa.1223"
"1683","Hsa.6416"
"1684","Hsa.9671"
"1685","Hsa.2168"
"1686","Hsa.41368"
"1687","Hsa.18469"
"1688","Hsa.3933"
"1689","Hsa.37654"
"1690","Hsa.2206"
"1691","Hsa.39777"
"1692","Hsa.2347"
"1693","Hsa.2528"
"1694","Hsa.39731"
"1695","Hsa.38171"
"1696","Hsa.26979"
"1697","Hsa.3280"
"1698","Hsa.3316"
"1699","Hsa.8576"
"1700","Hsa.23805"
"1701","Hsa.37715"
"1702","Hsa.43862"
"1703","Hsa.31179"
"1704","Hsa.358"
"1705","Hsa.6904"
"1706","Hsa.41002"
"1707","Hsa.36697"
"1708","Hsa.37811"
"1709","Hsa.37147"
"1710","Hsa.2683"
"1711","Hsa.1539"
"1712","Hsa.2467"
"1713","Hsa.21736"
"1714","Hsa.2407"
"1715","Hsa.11632"
"1716","Hsa.2517"
"1717","Hsa.8085"
"1718","Hsa.1308"
"1719","Hsa.176"
"1720","Hsa.26971"
"1721","Hsa.36025"
"1722","Hsa.34395"
"1723","Hsa.2687"
"1724","Hsa.960"
"1725","Hsa.1468"
"1726","Hsa.4286"
"1727","Hsa.2688"
"1728","Hsa.32745"
"1729","Hsa.12260"
"1730","Hsa.2645"
"1731","Hsa.18833"
"1732","Hsa.584"
"1733","Hsa.2749"
"1734","Hsa.25294"
"1735","Hsa.42382"
"1736","Hsa.8121"
"1737","Hsa.14154"
"1738","Hsa.2945"
"1739","Hsa.1398"
"1740","Hsa.2012"
"1741","Hsa.43284"
"1742","Hsa.67"
"1743","Hsa.14733"
"1744","Hsa.33587"
"1745","Hsa.21757"
"1746","Hsa.3254"
"1747","Hsa.1550"
"1748","Hsa.230"
"1749","Hsa.33277"
"1750","Hsa.710"
"1751","Hsa.23124"
"1752","Hsa.3351"
"1753","Hsa.34793"
"1754","Hsa.39809"
"1755","Hsa.8679"
"1756","Hsa.41136"
"1757","Hsa.34937"
"1758","Hsa.3963"
"1759","Hsa.34575"
"1760","Hsa.6353"
"1761","Hsa.8223"
"1762","Hsa.35741"
"1763","Hsa.2842"
"1764","Hsa.10341"
"1765","Hsa.3324"
"1766","Hsa.1497"
"1767","Hsa.21868"
"1768","Hsa.294"
"1769","Hsa.33576"
"1770","Hsa.2250"
"1771","Hsa.601"
"1772","Hsa.6814"
"1773","Hsa.32745"
"1774","Hsa.32907"
"1775","Hsa.16296"
"1776","Hsa.767"
"1777","Hsa.15716"
"1778","Hsa.3315"
"1779","Hsa.27716"
"1780","Hsa.23600"
"1781","Hsa.24884"
"1782","Hsa.888"
"1783","Hsa.2337"
"1784","Hsa.1811"
"1785","Hsa.1145"
"1786","Hsa.913"
"1787","Hsa.42826"
"1788","Hsa.42255"
"1789","Hsa.41239"
"1790","Hsa.410"
"1791","Hsa.2794"
"1792","Hsa.1057"
"1793","Hsa.2253"
"1794","Hsa.18329"
"1795","Hsa.3015"
"1796","Hsa.32904"
"1797","Hsa.1556"
"1798","Hsa.2753"
"1799","Hsa.23824"
"1800","Hsa.2137"
"1801","Hsa.2058"
"1802","Hsa.8863"
"1803","Hsa.3954"
"1804","Hsa.2199"
"1805","Hsa.26992"
"1806","Hsa.2497"
"1807","Hsa.10305"
"1808","Hsa.41283"
"1809","Hsa.9671"
"1810","Hsa.1039"
"1811","Hsa.3223"
"1812","Hsa.41369"
"1813","Hsa.33637"
"1814","Hsa.17766"
"1815","Hsa.504"
"1816","Hsa.10746"
"1817","sa.41198"
"1818","Hsa.37609"
"1819","Hsa.1352"
"1820","Hsa.1908"
"1821","Hsa.37528"
"1822","Hsa.24490"
"1823","Hsa.29913"
"1824","Hsa.2626"
"1825","Hsa.16372"
"1826","Hsa.565"
"1827","Hsa.10700"
"1828","Hsa.10784"
"1829","Hsa.25830"
"1830","Hsa.920"
"1831","Hsa.3127"
"1832","Hsa.41189"
"1833","Hsa.7870"
"1834","Hsa.3173"
"1835","Hsa.661"
"1836","Hsa.1387"
"1837","Hsa.38040"
"1838","Hsa.29263"
"1839","Hsa.3296"
"1840","Hsa.3187"
"1841","Hsa.3862"
"1842","Hsa.2029"
"1843","Hsa.2291"
"1844","Hsa.25229"
"1845","Hsa.638"
"1846","Hsa.10212"
"1847","Hsa.2910"
"1848","Hsa.26430"
"1849","Hsa.41108"
"1850","Hsa.2197"
"1851","Hsa.3024"
"1852","Hsa.1009"
"1853","Hsa.1514"
"1854","Hsa.2602"
"1855","Hsa.1194"
"1856","Hsa.2389"
"1857","Hsa.12442"
"1858","Hsa.43978"
"1859","Hsa.31395"
"1860","Hsa.634"
"1861","Hsa.2573"
"1862","Hsa.1321"
"1863","Hsa.17514"
"1864","Hsa.16930"
"1865","Hsa.4274"
"1866","Hsa.14102"
"1867","Hsa.41323"
"1868","Hsa.32404"
"1869","Hsa.402"
"1870","Hsa.1660"
"1871","Hsa.865"
"1872","Hsa.2875"
"1873","Hsa.404"
"1874","Hsa.134"
"1875","Hsa.40449"
"1876","Hsa.1373"
"1877","Hsa.36710"
"1878","Hsa.2104"
"1879","Hsa.320"
"1880","Hsa.1780"
"1881","Hsa.45658"
"1882","Hsa.9340"
"1883","Hsa.24270"
"1884","Hsa.25322"
"1885","Hsa.696"
"1886","Hsa.6"
"1887","Hsa.2196"
"1888","Hsa.33695"
"1889","Hsa.35367"
"1890","Hsa.1765"
"1891","Hsa.36161"
"1892","Hsa.2456"
"1893","Hsa.889"
"1894","Hsa.2939"
"1895","Hsa.8192"
"1896","Hsa.636"
"1897","Hsa.466"
"1898","Hsa.2519"
"1899","Hsa.41299"
"1900","Hsa.2705"
"1901","Hsa.3921"
"1902","Hsa.1095"
"1903","Hsa.1614"
"1904","Hsa.2644"
"1905","Hsa.85"
"1906","Hsa.13003"
"1907","Hsa.1607"
"1908","Hsa.855"
"1909","Hsa.1185"
"1910","Hsa.12564"
"1911","Hsa.28784"
"1912","Hsa.7652"
"1913","Hsa.10659"
"1914","Hsa.3201"
"1915","Hsa.45458"
"1916","Hsa.1209"
"1917","Hsa.1763"
"1918","Hsa.7728"
"1919","Hsa.1439"
"1920","Hsa.1423"
"1921","Hsa.1297"
"1922","Hsa.22968"
"1923","Hsa.8503"
"1924","Hsa.43331"
"1925","Hsa.858"
"1926","Hsa.1016"
"1927","Hsa.41306"
"1928","Hsa.33095"
"1929","Hsa.664"
"1930","Hsa.9174"
"1931","Hsa.1758"
"1932","Hsa.2243"
"1933","Hsa.15198"
"1934","Hsa.3005"
"1935","Hsa.6782"
"1936","Hsa.25390"
"1937","Hsa.24874"
"1938","Hsa.41314"
"1939","Hsa.2584"
"1940","Hsa.1862"
"1941","Hsa.3"
"1942","Hsa.5908"
"1943","Hsa.72"
"1944","Hsa.3186"
"1945","Hsa.2127"
"1946","Hsa.3250"
"1947","Hsa.2237"
"1948","Hsa.1228"
"1949","Hsa.2309"
"1950","Hsa.41165"
"1951","Hsa.2690"
"1952","Hsa.1346"
"1953","Hsa.1878"
"1954","Hsa.1491"
"1955","Hsa.17213"
"1956","Hsa.2918"
"1957","Hsa.22452"
"1958","Hsa.36693"
"1959","Hsa.1143"
"1960","Hsa.36696"
"1961","Hsa.44116"
"1962","Hsa.33012"
"1963","Hsa.31500"
"1964","Hsa.2891"
"1965","Hsa.330"
"1966","Hsa.36705"
"1967","Hsa.11616"
"1968","Hsa.3105"
"1969","Hsa.205"
"1970","Hsa.21245"
"1971","Hsa.17130"
"1972","Hsa.1435"
"1973","Hsa.826"
"1974","Hsa.33"
"1975","Hsa.2134"
"1976","Hsa.41098"
"1977","Hsa.9590"
"1978","Hsa.58"
"1979","Hsa.1415"
"1980","Hsa.3082"
"1981","Hsa.15007"
"1982","Hsa.17901"
"1983","Hsa.1198"
"1984","Hsa.475"
"1985","Hsa.2084"
"1986","Hsa.2484"
"1987","Hsa.2208"
"1988","Hsa.11042"
"1989","Hsa.26673"
"1990","Hsa.1562"
"1991","Hsa.2618"
"1992","Hsa.27285"
"1993","Hsa.41260"
"1994","Hsa.14822"
"1995","Hsa.336"
"1996","Hsa.984"
"1997","Hsa.35124"
"1998","Hsa.3952"
"1999","Hsa.32734"
"2000","Hsa.9683"
